,album_id,album_name,id,name,release_date,duration,track_number,popularity,explicit,uri
0,1o59UpKw81iHR0HPiSkJR0,1989 (Taylor's Version) [Deluxe],4WUepByoeqcedHoYhSNHRt,Welcome To New York (Taylor's Version),27/10/2023,0:03:32,1,71,FALSE,spotify:track:4WUepByoeqcedHoYhSNHRt
1,1o59UpKw81iHR0HPiSkJR0,1989 (Taylor's Version) [Deluxe],0108kcWLnn2HlH2kedi1gn,Blank Space (Taylor's Version),27/10/2023,0:03:51,2,72,FALSE,spotify:track:0108kcWLnn2HlH2kedi1gn
2,1o59UpKw81iHR0HPiSkJR0,1989 (Taylor's Version) [Deluxe],3Vpk1hfMAQme8VJ0SNRSkd,Style (Taylor's Version),27/10/2023,0:03:51,3,73,FALSE,spotify:track:3Vpk1hfMAQme8VJ0SNRSkd
3,1o59UpKw81iHR0HPiSkJR0,1989 (Taylor's Version) [Deluxe],1OcSfkeCg9hRC2sFKB4IMJ,Out Of The Woods (Taylor's Version),27/10/2023,0:03:55,4,72,FALSE,spotify:track:1OcSfkeCg9hRC2sFKB4IMJ
4,1o59UpKw81iHR0HPiSkJR0,1989 (Taylor's Version) [Deluxe],2k0ZEeAqzvYMcx9Qt5aClQ,All You Had To Do Was Stay (Taylor's Version),27/10/2023,0:03:13,5,70,FALSE,spotify:track:2k0ZEeAqzvYMcx9Qt5aClQ
5,1o59UpKw81iHR0HPiSkJR0,1989 (Taylor's Version) [Deluxe],50yNTF0Od55qnHLxYsA5Pw,Shake It Off (Taylor's Version),27/10/2023,0:03:39,6,70,FALSE,spotify:track:50yNTF0Od55qnHLxYsA5Pw
6,1o59UpKw81iHR0HPiSkJR0,1989 (Taylor's Version) [Deluxe],3FxJDucHWdw6caWTKO5b23,I Wish You Would (Taylor's Version),27/10/2023,0:03:27,7,69,FALSE,spotify:track:3FxJDucHWdw6caWTKO5b23
7,1o59UpKw81iHR0HPiSkJR0,1989 (Taylor's Version) [Deluxe],7oZONwFiFIErZcXAtTu7FY,Bad Blood (Taylor's Version),27/10/2023,0:03:31,8,69,FALSE,spotify:track:7oZONwFiFIErZcXAtTu7FY
8,1o59UpKw81iHR0HPiSkJR0,1989 (Taylor's Version) [Deluxe],27exgla7YBw9DUNNcTIpjy,Wildest Dreams (Taylor's Version),27/10/2023,0:03:40,9,70,FALSE,spotify:track:27exgla7YBw9DUNNcTIpjy
9,1o59UpKw81iHR0HPiSkJR0,1989 (Taylor's Version) [Deluxe],733OhaXQIHY7BKtY3vnSkn,How You Get The Girl (Taylor's Version),27/10/2023,0:04:07,10,69,FALSE,spotify:track:733OhaXQIHY7BKtY3vnSkn
10,1o59UpKw81iHR0HPiSkJR0,1989 (Taylor's Version) [Deluxe],4WBEj8TeGtRPNJdOmT3WJW,This Love (Taylor’s Version),27/10/2023,0:04:10,11,68,FALSE,spotify:track:4WBEj8TeGtRPNJdOmT3WJW
11,1o59UpKw81iHR0HPiSkJR0,1989 (Taylor's Version) [Deluxe],1ULabO0PEsdJekqVH6G10G,I Know Places (Taylor's Version),27/10/2023,0:03:15,12,70,FALSE,spotify:track:1ULabO0PEsdJekqVH6G10G
12,1o59UpKw81iHR0HPiSkJR0,1989 (Taylor's Version) [Deluxe],0lKUBmEyQfzsQHozyeXzES,Clean (Taylor's Version),27/10/2023,0:04:31,13,70,FALSE,spotify:track:0lKUBmEyQfzsQHozyeXzES
13,1o59UpKw81iHR0HPiSkJR0,1989 (Taylor's Version) [Deluxe],6HRsJu8vcnzYDN4t0570FY,Wonderland (Taylor's Version),27/10/2023,0:04:05,14,69,FALSE,spotify:track:6HRsJu8vcnzYDN4t0570FY
14,1o59UpKw81iHR0HPiSkJR0,1989 (Taylor's Version) [Deluxe],0TyGh27YQ5LknmiDhCzJiT,You Are In Love (Taylor's Version),27/10/2023,0:04:27,15,69,FALSE,spotify:track:0TyGh27YQ5LknmiDhCzJiT
15,1o59UpKw81iHR0HPiSkJR0,1989 (Taylor's Version) [Deluxe],5M787RexsAiVYjQusM98CV,New Romantics (Taylor's Version),27/10/2023,0:03:50,16,70,FALSE,spotify:track:5M787RexsAiVYjQusM98CV
16,1o59UpKw81iHR0HPiSkJR0,1989 (Taylor's Version) [Deluxe],0CD7DzeCsuPJygddqlUVYa,"""Slut!"" (Taylor's Version) (From The Vault)",27/10/2023,0:03:00,17,74,FALSE,spotify:track:0CD7DzeCsuPJygddqlUVYa
17,1o59UpKw81iHR0HPiSkJR0,1989 (Taylor's Version) [Deluxe],3CCRVu4F91Qp2mnGjmWBrf,Say Don't Go (Taylor's Version) (From The Vault),27/10/2023,0:04:39,18,73,FALSE,spotify:track:3CCRVu4F91Qp2mnGjmWBrf
18,1o59UpKw81iHR0HPiSkJR0,1989 (Taylor's Version) [Deluxe],5QUIK7ZtziW8kGWo8RqopF,Now That We Don't Talk (Taylor's Version) (From The Vault),27/10/2023,0:02:26,19,75,FALSE,spotify:track:5QUIK7ZtziW8kGWo8RqopF
19,1o59UpKw81iHR0HPiSkJR0,1989 (Taylor's Version) [Deluxe],6M9ppdfFjR1AbpUl3Y8DcV,Suburban Legends (Taylor's Version) (From The Vault),27/10/2023,0:02:51,20,71,FALSE,spotify:track:6M9ppdfFjR1AbpUl3Y8DcV
20,5AEDGbliTTfjOB8TSm1sxt,Speak Now (Taylor's Version),7G0gBu6nLdhFDPRLc0HdDG,Mine (Taylor's Version),7/7/2023,0:03:51,1,82,FALSE,spotify:track:7G0gBu6nLdhFDPRLc0HdDG
21,5AEDGbliTTfjOB8TSm1sxt,Speak Now (Taylor's Version),3MytWN8L7shNYzGl4tAKRp,Sparks Fly (Taylor’s Version),7/7/2023,0:04:21,2,79,FALSE,spotify:track:3MytWN8L7shNYzGl4tAKRp
22,5AEDGbliTTfjOB8TSm1sxt,Speak Now (Taylor's Version),79uDOz0zuuWS7HWxzMmTa2,Back To December (Taylor's Version),7/7/2023,0:04:54,3,83,FALSE,spotify:track:79uDOz0zuuWS7HWxzMmTa2
23,5AEDGbliTTfjOB8TSm1sxt,Speak Now (Taylor's Version),5xXqyjLicvEpch72qEryFT,Speak Now (Taylor's Version),7/7/2023,0:04:02,4,77,FALSE,spotify:track:5xXqyjLicvEpch72qEryFT
24,5AEDGbliTTfjOB8TSm1sxt,Speak Now (Taylor's Version),1zU8j1x3yi9xalMF96pzKp,Dear John (Taylor's Version),7/7/2023,0:06:45,5,78,FALSE,spotify:track:1zU8j1x3yi9xalMF96pzKp
25,5AEDGbliTTfjOB8TSm1sxt,Speak Now (Taylor's Version),30Y4CV7A6YqtQtTTo7Ue4j,Mean (Taylor's Version),7/7/2023,0:03:58,6,78,FALSE,spotify:track:30Y4CV7A6YqtQtTTo7Ue4j
26,5AEDGbliTTfjOB8TSm1sxt,Speak Now (Taylor's Version),6dTA6y0C2ReQklntzZl8l3,The Story Of Us (Taylor's Version),7/7/2023,0:04:27,7,77,FALSE,spotify:track:6dTA6y0C2ReQklntzZl8l3
27,5AEDGbliTTfjOB8TSm1sxt,Speak Now (Taylor's Version),2EFZ9emtKWEglWUQGEQ3P9,Never Grow Up (Taylor's Version),7/7/2023,0:04:52,8,72,FALSE,spotify:track:2EFZ9emtKWEglWUQGEQ3P9
28,5AEDGbliTTfjOB8TSm1sxt,Speak Now (Taylor's Version),3sW3oSbzsfecv9XoUdGs7h,Enchanted (Taylor's Version),7/7/2023,0:05:53,9,86,FALSE,spotify:track:3sW3oSbzsfecv9XoUdGs7h
29,5AEDGbliTTfjOB8TSm1sxt,Speak Now (Taylor's Version),0NwGC0v03ysCYINtg6ns58,Better Than Revenge (Taylor's Version),7/7/2023,0:03:40,10,79,FALSE,spotify:track:0NwGC0v03ysCYINtg6ns58
30,5AEDGbliTTfjOB8TSm1sxt,Speak Now (Taylor's Version),12nBPF4Rh4XLFJV0YLN7uj,Innocent (Taylor's Version),7/7/2023,0:05:01,11,71,FALSE,spotify:track:12nBPF4Rh4XLFJV0YLN7uj
31,5AEDGbliTTfjOB8TSm1sxt,Speak Now (Taylor's Version),4tMzIAFTFdqGBQLdfbPces,Haunted (Taylor's Version),7/7/2023,0:04:05,12,75,FALSE,spotify:track:4tMzIAFTFdqGBQLdfbPces
32,5AEDGbliTTfjOB8TSm1sxt,Speak Now (Taylor's Version),59KOoHFcw5XfICnO57holu,Last Kiss (Taylor's Version),7/7/2023,0:06:09,13,76,FALSE,spotify:track:59KOoHFcw5XfICnO57holu
33,5AEDGbliTTfjOB8TSm1sxt,Speak Now (Taylor's Version),4hqJ4bSlYJOXb6Z4SRmzxs,Long Live (Taylor's Version),7/7/2023,0:05:17,14,80,FALSE,spotify:track:4hqJ4bSlYJOXb6Z4SRmzxs
34,5AEDGbliTTfjOB8TSm1sxt,Speak Now (Taylor's Version),3yNJkriPzWjkkDAWHIAVUq,Ours (Taylor’s Version),7/7/2023,0:03:55,15,73,FALSE,spotify:track:3yNJkriPzWjkkDAWHIAVUq
35,5AEDGbliTTfjOB8TSm1sxt,Speak Now (Taylor's Version),4evLyY5Ue1Wesc61t2KXAU,Superman (Taylor’s Version),7/7/2023,0:04:34,16,69,FALSE,spotify:track:4evLyY5Ue1Wesc61t2KXAU
36,5AEDGbliTTfjOB8TSm1sxt,Speak Now (Taylor's Version),4e3ZNTAV6PCrdYMUrUlMpQ,Electric Touch (feat. Fall Out Boy) (Taylor’s Version) (From The Vault),7/7/2023,0:04:26,17,75,FALSE,spotify:track:4e3ZNTAV6PCrdYMUrUlMpQ
37,5AEDGbliTTfjOB8TSm1sxt,Speak Now (Taylor's Version),0zo975x58DlXbZllWvfYhg,When Emma Falls in Love (Taylor’s Version) (From The Vault),7/7/2023,0:04:12,18,74,FALSE,spotify:track:0zo975x58DlXbZllWvfYhg
38,5AEDGbliTTfjOB8TSm1sxt,Speak Now (Taylor's Version),5kHMfzgLZP95O9NBy0ku4v,I Can See You (Taylor’s Version) (From The Vault),7/7/2023,0:04:33,19,83,FALSE,spotify:track:5kHMfzgLZP95O9NBy0ku4v
39,5AEDGbliTTfjOB8TSm1sxt,Speak Now (Taylor's Version),4ABYxlb92WBIjHu7TIKmml,Castles Crumbling (feat. Hayley Williams) (Taylor’s Version) (From The Vault),7/7/2023,0:05:06,20,75,FALSE,spotify:track:4ABYxlb92WBIjHu7TIKmml
40,1fnJ7k0bllNfL1kVdNVW1A,Midnights (The Til Dawn Edition),24emu3sabKISjRkrys28jq,Lavender Haze,26/5/2023,0:03:22,1,71,TRUE,spotify:track:24emu3sabKISjRkrys28jq
41,1fnJ7k0bllNfL1kVdNVW1A,Midnights (The Til Dawn Edition),6qxvy9Pe4RJIq5JBVbbwbS,Maroon,26/5/2023,0:03:38,2,71,TRUE,spotify:track:6qxvy9Pe4RJIq5JBVbbwbS
42,1fnJ7k0bllNfL1kVdNVW1A,Midnights (The Til Dawn Edition),5qIHFdkW6phMsTZlN2g8Lc,Anti-Hero,26/5/2023,0:03:20,3,71,FALSE,spotify:track:5qIHFdkW6phMsTZlN2g8Lc
43,1fnJ7k0bllNfL1kVdNVW1A,Midnights (The Til Dawn Edition),7GA86Uo2jYbj8vIXe2nyWd,Snow On The Beach (feat. Lana Del Rey),26/5/2023,0:04:16,4,69,TRUE,spotify:track:7GA86Uo2jYbj8vIXe2nyWd
44,1fnJ7k0bllNfL1kVdNVW1A,Midnights (The Til Dawn Edition),6PQOU00xWNrGwCZzboriXy,"You're On Your Own, Kid",26/5/2023,0:03:14,5,72,FALSE,spotify:track:6PQOU00xWNrGwCZzboriXy
45,1fnJ7k0bllNfL1kVdNVW1A,Midnights (The Til Dawn Edition),4eKMqf9ZMSclDX7V9Ptg7x,Midnight Rain,26/5/2023,0:02:54,6,71,FALSE,spotify:track:4eKMqf9ZMSclDX7V9Ptg7x
46,1fnJ7k0bllNfL1kVdNVW1A,Midnights (The Til Dawn Edition),7oomkQSYf1ia2VnVEWfFIU,Question...?,26/5/2023,0:03:30,7,69,TRUE,spotify:track:7oomkQSYf1ia2VnVEWfFIU
47,1fnJ7k0bllNfL1kVdNVW1A,Midnights (The Til Dawn Edition),0GKDhq6ZbmSbRHd3eyGlB7,Vigilante Shit,26/5/2023,0:02:44,8,70,TRUE,spotify:track:0GKDhq6ZbmSbRHd3eyGlB7
48,1fnJ7k0bllNfL1kVdNVW1A,Midnights (The Til Dawn Edition),0VpF6RLdCfPIeYRwMu4tZK,Bejeweled,26/5/2023,0:03:14,9,71,FALSE,spotify:track:0VpF6RLdCfPIeYRwMu4tZK
49,1fnJ7k0bllNfL1kVdNVW1A,Midnights (The Til Dawn Edition),4bBDkw2KBMX0tcgAaXC83Q,Labyrinth,26/5/2023,0:04:07,10,69,FALSE,spotify:track:4bBDkw2KBMX0tcgAaXC83Q
50,1fnJ7k0bllNfL1kVdNVW1A,Midnights (The Til Dawn Edition),45R112Jz5hQeKgITXgSXzs,Karma,26/5/2023,0:03:24,11,70,TRUE,spotify:track:45R112Jz5hQeKgITXgSXzs
51,1fnJ7k0bllNfL1kVdNVW1A,Midnights (The Til Dawn Edition),2L09RYwH5Pjzca6PmbUAw3,Sweet Nothing,26/5/2023,0:03:08,12,68,FALSE,spotify:track:2L09RYwH5Pjzca6PmbUAw3
52,1fnJ7k0bllNfL1kVdNVW1A,Midnights (The Til Dawn Edition),1QQii3pa5m8MEda0nbkjfw,Mastermind,26/5/2023,0:03:11,13,70,FALSE,spotify:track:1QQii3pa5m8MEda0nbkjfw
53,1fnJ7k0bllNfL1kVdNVW1A,Midnights (The Til Dawn Edition),2VuqMjgoKaOHNM8HpxtXKx,The Great War,26/5/2023,0:04:00,14,70,FALSE,spotify:track:2VuqMjgoKaOHNM8HpxtXKx
54,1fnJ7k0bllNfL1kVdNVW1A,Midnights (The Til Dawn Edition),71CBDRKmF2VeRKYMG1DFBh,Bigger Than The Whole Sky,26/5/2023,0:03:38,15,68,FALSE,spotify:track:71CBDRKmF2VeRKYMG1DFBh
55,1fnJ7k0bllNfL1kVdNVW1A,Midnights (The Til Dawn Edition),5tWxKWq1DSP1s9WQ5PWuqu,Paris,26/5/2023,0:03:16,16,68,FALSE,spotify:track:5tWxKWq1DSP1s9WQ5PWuqu
56,1fnJ7k0bllNfL1kVdNVW1A,Midnights (The Til Dawn Edition),1SztNGCwEHJEVFx90E5g7D,High Infidelity,26/5/2023,0:03:51,17,67,FALSE,spotify:track:1SztNGCwEHJEVFx90E5g7D
57,1fnJ7k0bllNfL1kVdNVW1A,Midnights (The Til Dawn Edition),7C0w28EsX0Um2FrZs9gso2,Glitch,26/5/2023,0:02:28,18,67,FALSE,spotify:track:7C0w28EsX0Um2FrZs9gso2
58,1fnJ7k0bllNfL1kVdNVW1A,Midnights (The Til Dawn Edition),4txojlesMFQZGWxwz2EeqB,"Would've, Could've, Should've",26/5/2023,0:04:20,19,70,FALSE,spotify:track:4txojlesMFQZGWxwz2EeqB
59,1fnJ7k0bllNfL1kVdNVW1A,Midnights (The Til Dawn Edition),10GRRCR5fctuOF4GFmATJI,Dear Reader,26/5/2023,0:03:45,20,68,FALSE,spotify:track:10GRRCR5fctuOF4GFmATJI
60,6kZ42qRrzov54LcAk4onW9,Red (Taylor's Version),6lzc0Al0zfZOIFsFvBS1ki,State Of Grace (Taylor's Version),12/11/2021,0:04:55,1,72,FALSE,spotify:track:6lzc0Al0zfZOIFsFvBS1ki
61,6kZ42qRrzov54LcAk4onW9,Red (Taylor's Version),4OAuvHryIVv4kMDNSLuPt6,Red (Taylor's Version),12/11/2021,0:03:43,2,80,FALSE,spotify:track:4OAuvHryIVv4kMDNSLuPt6
62,6kZ42qRrzov54LcAk4onW9,Red (Taylor's Version),3S7HNKPakdwNEBFIVTL6dZ,Treacherous (Taylor's Version),12/11/2021,0:04:02,3,72,FALSE,spotify:track:3S7HNKPakdwNEBFIVTL6dZ
63,6kZ42qRrzov54LcAk4onW9,Red (Taylor's Version),6AtZLIzUINvExIUy4QhdjP,I Knew You Were Trouble (Taylor's Version),12/11/2021,0:03:39,4,81,FALSE,spotify:track:6AtZLIzUINvExIUy4QhdjP
64,6kZ42qRrzov54LcAk4onW9,Red (Taylor's Version),3nsfB1vus2qaloUdcBZvDu,All Too Well (Taylor's Version),12/11/2021,0:05:29,5,77,FALSE,spotify:track:3nsfB1vus2qaloUdcBZvDu
65,6kZ42qRrzov54LcAk4onW9,Red (Taylor's Version),3yII7UwgLF6K5zW3xad3MP,22 (Taylor's Version),12/11/2021,0:03:50,6,80,FALSE,spotify:track:3yII7UwgLF6K5zW3xad3MP
66,6kZ42qRrzov54LcAk4onW9,Red (Taylor's Version),2r9CbjYgFhtAmcFv1cSquB,I Almost Do (Taylor's Version),12/11/2021,0:04:04,7,71,FALSE,spotify:track:2r9CbjYgFhtAmcFv1cSquB
67,6kZ42qRrzov54LcAk4onW9,Red (Taylor's Version),5YqltLsjdqFtvqE7Nrysvs,We Are Never Ever Getting Back Together (Taylor's Version),12/11/2021,0:03:13,8,81,FALSE,spotify:track:5YqltLsjdqFtvqE7Nrysvs
68,6kZ42qRrzov54LcAk4onW9,Red (Taylor's Version),7eQj6r5PIdYKEIZjucBMcq,Stay Stay Stay (Taylor's Version),12/11/2021,0:03:25,9,71,FALSE,spotify:track:7eQj6r5PIdYKEIZjucBMcq
69,6kZ42qRrzov54LcAk4onW9,Red (Taylor's Version),0y6kdSRCVQhSsHSpWvTUm7,The Last Time (feat. Gary Lightbody of Snow Patrol) (Taylor’s Version),12/11/2021,0:04:59,10,74,FALSE,spotify:track:0y6kdSRCVQhSsHSpWvTUm7
70,6kZ42qRrzov54LcAk4onW9,Red (Taylor's Version),7J4b3LVCIGO4CMBDFLPoP6,Holy Ground (Taylor's Version),12/11/2021,0:03:22,11,71,FALSE,spotify:track:7J4b3LVCIGO4CMBDFLPoP6
71,6kZ42qRrzov54LcAk4onW9,Red (Taylor's Version),73qMN9bXy7MSPwwGfH3wQr,Sad Beautiful Tragic (Taylor's Version),12/11/2021,0:04:44,12,72,FALSE,spotify:track:73qMN9bXy7MSPwwGfH3wQr
72,6kZ42qRrzov54LcAk4onW9,Red (Taylor's Version),4e5ayHsOLJNLTGfjau2mEw,The Lucky One (Taylor's Version),12/11/2021,0:04:00,13,70,FALSE,spotify:track:4e5ayHsOLJNLTGfjau2mEw
73,6kZ42qRrzov54LcAk4onW9,Red (Taylor's Version),7qEUFOVcxRI19tbT68JcYK,Everything Has Changed (feat. Ed Sheeran) (Taylor’s Version),12/11/2021,0:04:05,14,76,FALSE,spotify:track:7qEUFOVcxRI19tbT68JcYK
74,6kZ42qRrzov54LcAk4onW9,Red (Taylor's Version),7A2cNLRT0YJc1yjxHlKihs,Starlight (Taylor's Version),12/11/2021,0:03:40,15,70,FALSE,spotify:track:7A2cNLRT0YJc1yjxHlKihs
75,6kZ42qRrzov54LcAk4onW9,Red (Taylor's Version),05GsNucq8Bngd9fnd4fRa0,Begin Again (Taylor's Version),12/11/2021,0:03:58,16,73,FALSE,spotify:track:05GsNucq8Bngd9fnd4fRa0
76,6kZ42qRrzov54LcAk4onW9,Red (Taylor's Version),0NRHj8hDwwmSPaA41o379r,The Moment I Knew (Taylor's Version),12/11/2021,0:04:45,17,70,FALSE,spotify:track:0NRHj8hDwwmSPaA41o379r
77,6kZ42qRrzov54LcAk4onW9,Red (Taylor's Version),4pNApnaUWAL2J4KO2eqokq,Come Back...Be Here (Taylor's Version),12/11/2021,0:03:43,18,73,FALSE,spotify:track:4pNApnaUWAL2J4KO2eqokq
78,6kZ42qRrzov54LcAk4onW9,Red (Taylor's Version),0DMVrlMUn01M0IcpDbwgu7,Girl At Home (Taylor's Version),12/11/2021,0:03:40,19,68,FALSE,spotify:track:0DMVrlMUn01M0IcpDbwgu7
79,6kZ42qRrzov54LcAk4onW9,Red (Taylor's Version),5jAIouBES8LWMiriuNq170,State Of Grace (Acoustic Version) (Taylor's Version),12/11/2021,0:05:21,20,67,FALSE,spotify:track:5jAIouBES8LWMiriuNq170
80,4hDok0OAJd57SGIT8xuWJH,Fearless (Taylor's Version),77sMIMlNaSURUAXq5coCxE,Fearless (Taylor’s Version),9/4/2021,0:04:01,1,83,FALSE,spotify:track:77sMIMlNaSURUAXq5coCxE
81,4hDok0OAJd57SGIT8xuWJH,Fearless (Taylor's Version),2nqio0SfWg6gh2eCtfuMa5,Fifteen (Taylor’s Version),9/4/2021,0:04:54,2,73,FALSE,spotify:track:2nqio0SfWg6gh2eCtfuMa5
82,4hDok0OAJd57SGIT8xuWJH,Fearless (Taylor's Version),6YvqWjhGD8mB5QXcbcUKtx,Love Story (Taylor’s Version),9/4/2021,0:03:55,3,83,FALSE,spotify:track:6YvqWjhGD8mB5QXcbcUKtx
83,4hDok0OAJd57SGIT8xuWJH,Fearless (Taylor's Version),550erGcdD9n6PnwxrvYqZT,Hey Stephen (Taylor’s Version),9/4/2021,0:04:14,4,71,FALSE,spotify:track:550erGcdD9n6PnwxrvYqZT
84,4hDok0OAJd57SGIT8xuWJH,Fearless (Taylor's Version),5YL553x8sHderRBDlm3NM3,White Horse (Taylor’s Version),9/4/2021,0:03:54,5,73,FALSE,spotify:track:5YL553x8sHderRBDlm3NM3
85,4hDok0OAJd57SGIT8xuWJH,Fearless (Taylor's Version),1qrpoAMXodY6895hGKoUpA,You Belong With Me (Taylor’s Version),9/4/2021,0:03:51,6,86,FALSE,spotify:track:1qrpoAMXodY6895hGKoUpA
86,4hDok0OAJd57SGIT8xuWJH,Fearless (Taylor's Version),7HC7R2D8WjXVcUHJyEGjRs,Breathe (feat. Colbie Caillat) (Taylor’s Version),9/4/2021,0:04:23,7,69,FALSE,spotify:track:7HC7R2D8WjXVcUHJyEGjRs
87,4hDok0OAJd57SGIT8xuWJH,Fearless (Taylor's Version),0k0vFacOHNuArLWMiH60p7,Tell Me Why (Taylor’s Version),9/4/2021,0:03:20,8,68,FALSE,spotify:track:0k0vFacOHNuArLWMiH60p7
88,4hDok0OAJd57SGIT8xuWJH,Fearless (Taylor's Version),6iiAfo4wTA2CVC3Uwx9uh8,You’re Not Sorry (Taylor’s Version),9/4/2021,0:04:21,9,70,FALSE,spotify:track:6iiAfo4wTA2CVC3Uwx9uh8
89,4hDok0OAJd57SGIT8xuWJH,Fearless (Taylor's Version),22bPsP2jCgbLUvh82U0Z3M,The Way I Loved You (Taylor’s Version),9/4/2021,0:04:03,10,82,FALSE,spotify:track:22bPsP2jCgbLUvh82U0Z3M
90,4hDok0OAJd57SGIT8xuWJH,Fearless (Taylor's Version),1msEuwSBneBKpVCZQcFTsU,Forever & Always (Taylor’s Version),9/4/2021,0:03:45,11,73,FALSE,spotify:track:1msEuwSBneBKpVCZQcFTsU
91,4hDok0OAJd57SGIT8xuWJH,Fearless (Taylor's Version),6ON9UuIq49xXY9GPmHIYRp,The Best Day (Taylor’s Version),9/4/2021,0:04:05,12,68,FALSE,spotify:track:6ON9UuIq49xXY9GPmHIYRp
92,4hDok0OAJd57SGIT8xuWJH,Fearless (Taylor's Version),3ExweHKZF9B752DPQByRVT,Change (Taylor’s Version),9/4/2021,0:04:39,13,66,FALSE,spotify:track:3ExweHKZF9B752DPQByRVT
93,4hDok0OAJd57SGIT8xuWJH,Fearless (Taylor's Version),2m3ObD945KvpE5y9A1eUWm,Jump Then Fall (Taylor’s Version),9/4/2021,0:03:57,14,69,FALSE,spotify:track:2m3ObD945KvpE5y9A1eUWm
94,4hDok0OAJd57SGIT8xuWJH,Fearless (Taylor's Version),0tQ9vBYpldCuikPsbgOVKA,Untouchable (Taylor’s Version),9/4/2021,0:05:12,15,69,FALSE,spotify:track:0tQ9vBYpldCuikPsbgOVKA
95,4hDok0OAJd57SGIT8xuWJH,Fearless (Taylor's Version),01QdEx6kFr78ZejhQtWR5m,Forever & Always (Piano Version) (Taylor’s Version),9/4/2021,0:04:27,16,68,FALSE,spotify:track:01QdEx6kFr78ZejhQtWR5m
96,4hDok0OAJd57SGIT8xuWJH,Fearless (Taylor's Version),1n2wszmJyVkw6FHqyLnQsY,Come In With The Rain (Taylor’s Version),9/4/2021,0:03:57,17,66,FALSE,spotify:track:1n2wszmJyVkw6FHqyLnQsY
97,4hDok0OAJd57SGIT8xuWJH,Fearless (Taylor's Version),51A8eKvvZz9uydvIZ7xRSV,Superstar (Taylor’s Version),9/4/2021,0:04:23,18,65,FALSE,spotify:track:51A8eKvvZz9uydvIZ7xRSV
98,4hDok0OAJd57SGIT8xuWJH,Fearless (Taylor's Version),1cSFlSBdpT4F5vb1frQ231,The Other Side Of The Door (Taylor’s Version),9/4/2021,0:03:58,19,70,FALSE,spotify:track:1cSFlSBdpT4F5vb1frQ231
99,4hDok0OAJd57SGIT8xuWJH,Fearless (Taylor's Version),2JoJrsEV15OzbijS47lids,Today Was A Fairytale (Taylor’s Version),9/4/2021,0:04:01,20,68,FALSE,spotify:track:2JoJrsEV15OzbijS47lids
100,6AORtDjduMM3bupSWzbTSG,evermore (deluxe version),2gVhfX2Gy1T9kDuS9azrF7,willow,7/1/2021,0:03:34,1,74,FALSE,spotify:track:2gVhfX2Gy1T9kDuS9azrF7
101,6AORtDjduMM3bupSWzbTSG,evermore (deluxe version),1gcyHQpBQ1lfXGdhZmWrHP,champagne problems,7/1/2021,0:04:04,2,75,TRUE,spotify:track:1gcyHQpBQ1lfXGdhZmWrHP
102,6AORtDjduMM3bupSWzbTSG,evermore (deluxe version),3Dby3p1m6IOZn2gIIqECgK,gold rush,7/1/2021,0:03:05,3,72,TRUE,spotify:track:3Dby3p1m6IOZn2gIIqECgK
103,6AORtDjduMM3bupSWzbTSG,evermore (deluxe version),6sQckd3Z8NPxVVKUnavY1F,‘tis the damn season,7/1/2021,0:03:49,4,73,FALSE,spotify:track:6sQckd3Z8NPxVVKUnavY1F
104,6AORtDjduMM3bupSWzbTSG,evermore (deluxe version),6lCvK2AR2uOKkVFCVlAzzm,tolerate it,7/1/2021,0:04:05,5,74,TRUE,spotify:track:6lCvK2AR2uOKkVFCVlAzzm
105,6AORtDjduMM3bupSWzbTSG,evermore (deluxe version),6uwfVkaOM1mcMkFmSn35ix,"no body, no crime (feat. HAIM)",7/1/2021,0:03:35,6,72,FALSE,spotify:track:6uwfVkaOM1mcMkFmSn35ix
106,6AORtDjduMM3bupSWzbTSG,evermore (deluxe version),55Vf4bimc1Rtfg0PAQRAo2,happiness,7/1/2021,0:05:15,7,71,TRUE,spotify:track:55Vf4bimc1Rtfg0PAQRAo2
107,6AORtDjduMM3bupSWzbTSG,evermore (deluxe version),66tOfHVH3aUrscg8vExRV4,dorothea,7/1/2021,0:03:45,8,70,FALSE,spotify:track:66tOfHVH3aUrscg8vExRV4
108,6AORtDjduMM3bupSWzbTSG,evermore (deluxe version),2awNGIJHodfLZSClB3PYhz,coney island (feat. The National),7/1/2021,0:04:35,9,71,FALSE,spotify:track:2awNGIJHodfLZSClB3PYhz
109,6AORtDjduMM3bupSWzbTSG,evermore (deluxe version),43Ykum9T72UOPhBN31grpN,ivy,7/1/2021,0:04:20,10,71,TRUE,spotify:track:43Ykum9T72UOPhBN31grpN
110,6AORtDjduMM3bupSWzbTSG,evermore (deluxe version),52OkpDsU6MmPx1AwGOb6Ap,cowboy like me,7/1/2021,0:04:35,11,71,TRUE,spotify:track:52OkpDsU6MmPx1AwGOb6Ap
111,6AORtDjduMM3bupSWzbTSG,evermore (deluxe version),5VYWxXUpxuxEmCqMLDqICo,long story short,7/1/2021,0:03:35,12,70,FALSE,spotify:track:5VYWxXUpxuxEmCqMLDqICo
112,6AORtDjduMM3bupSWzbTSG,evermore (deluxe version),5uICWmZTLkpEVbK22PBP6e,marjorie,7/1/2021,0:04:17,13,71,FALSE,spotify:track:5uICWmZTLkpEVbK22PBP6e
113,6AORtDjduMM3bupSWzbTSG,evermore (deluxe version),6a8aUhYbaQBUI8PcJ5ZmQ6,closure,7/1/2021,0:03:00,14,68,FALSE,spotify:track:6a8aUhYbaQBUI8PcJ5ZmQ6
114,6AORtDjduMM3bupSWzbTSG,evermore (deluxe version),6Wlq9rqkxrqj5Kls4Kw14H,evermore (feat. Bon Iver),7/1/2021,0:05:04,15,72,FALSE,spotify:track:6Wlq9rqkxrqj5Kls4Kw14H
115,6AORtDjduMM3bupSWzbTSG,evermore (deluxe version),3zwMVvkBe2qIKDObWgXw4N,right where you left me - bonus track,7/1/2021,0:04:05,16,83,FALSE,spotify:track:3zwMVvkBe2qIKDObWgXw4N
116,6AORtDjduMM3bupSWzbTSG,evermore (deluxe version),1kdWw77ZpYOkhxeuhzU1j6,it’s time to go - bonus track,7/1/2021,0:04:14,17,74,FALSE,spotify:track:1kdWw77ZpYOkhxeuhzU1j6
117,0PZ7lAru5FDFHuirTkWe9Z,folklore: the long pond studio sessions (from the Disney+ special) [deluxe edition],0P9wLFurlgumLXuqFEpw52,the 1,25/11/2020,0:03:30,1,56,TRUE,spotify:track:0P9wLFurlgumLXuqFEpw52
118,0PZ7lAru5FDFHuirTkWe9Z,folklore: the long pond studio sessions (from the Disney+ special) [deluxe edition],7zcnlq38eqNWyUF6eNaB5Z,cardigan,25/11/2020,0:03:59,2,56,FALSE,spotify:track:7zcnlq38eqNWyUF6eNaB5Z
119,0PZ7lAru5FDFHuirTkWe9Z,folklore: the long pond studio sessions (from the Disney+ special) [deluxe edition],4ojxSyrEraN7d46BMBPThZ,the last great american dynasty,25/11/2020,0:03:51,3,54,TRUE,spotify:track:4ojxSyrEraN7d46BMBPThZ
120,0PZ7lAru5FDFHuirTkWe9Z,folklore: the long pond studio sessions (from the Disney+ special) [deluxe edition],6kz2hkq1xQvDqPcUyBkw8f,exile (feat. Bon Iver),25/11/2020,0:04:45,4,56,FALSE,spotify:track:6kz2hkq1xQvDqPcUyBkw8f
121,0PZ7lAru5FDFHuirTkWe9Z,folklore: the long pond studio sessions (from the Disney+ special) [deluxe edition],0Oju1YcbPCJuUQQWoZNdJK,my tears ricochet,25/11/2020,0:04:15,5,55,FALSE,spotify:track:0Oju1YcbPCJuUQQWoZNdJK
122,0PZ7lAru5FDFHuirTkWe9Z,folklore: the long pond studio sessions (from the Disney+ special) [deluxe edition],5jQyGzcwqAxwT5QUIMivoX,mirrorball,25/11/2020,0:03:28,6,54,FALSE,spotify:track:5jQyGzcwqAxwT5QUIMivoX
123,0PZ7lAru5FDFHuirTkWe9Z,folklore: the long pond studio sessions (from the Disney+ special) [deluxe edition],2vJ7QvyCiR4DaHxwO58izA,seven,25/11/2020,0:03:28,7,53,FALSE,spotify:track:2vJ7QvyCiR4DaHxwO58izA
124,0PZ7lAru5FDFHuirTkWe9Z,folklore: the long pond studio sessions (from the Disney+ special) [deluxe edition],1UHoF9p75IVsvUt6WdTYhn,august,25/11/2020,0:04:21,8,55,FALSE,spotify:track:1UHoF9p75IVsvUt6WdTYhn
125,0PZ7lAru5FDFHuirTkWe9Z,folklore: the long pond studio sessions (from the Disney+ special) [deluxe edition],5DnDBYrfGoxdnomqEAkFIv,this is me trying,25/11/2020,0:03:15,9,54,FALSE,spotify:track:5DnDBYrfGoxdnomqEAkFIv
126,0PZ7lAru5FDFHuirTkWe9Z,folklore: the long pond studio sessions (from the Disney+ special) [deluxe edition],7CVTowKpGPA2MsIbkTl2oc,illicit affairs,25/11/2020,0:03:10,10,54,FALSE,spotify:track:7CVTowKpGPA2MsIbkTl2oc
127,0PZ7lAru5FDFHuirTkWe9Z,folklore: the long pond studio sessions (from the Disney+ special) [deluxe edition],4WHIqhrbdva5vQSrCuet3l,invisible string,25/11/2020,0:04:12,11,54,FALSE,spotify:track:4WHIqhrbdva5vQSrCuet3l
128,0PZ7lAru5FDFHuirTkWe9Z,folklore: the long pond studio sessions (from the Disney+ special) [deluxe edition],7klXN6RCN5Rj0VeYO5gBzU,mad woman,25/11/2020,0:03:57,12,52,TRUE,spotify:track:7klXN6RCN5Rj0VeYO5gBzU
129,0PZ7lAru5FDFHuirTkWe9Z,folklore: the long pond studio sessions (from the Disney+ special) [deluxe edition],5MFjHn1qfR9AsWuyzJLk1z,epiphany,25/11/2020,0:04:49,13,51,FALSE,spotify:track:5MFjHn1qfR9AsWuyzJLk1z
130,0PZ7lAru5FDFHuirTkWe9Z,folklore: the long pond studio sessions (from the Disney+ special) [deluxe edition],2jhfs6moEAK13eLM6xim4l,betty,25/11/2020,0:04:54,14,52,TRUE,spotify:track:2jhfs6moEAK13eLM6xim4l
131,0PZ7lAru5FDFHuirTkWe9Z,folklore: the long pond studio sessions (from the Disney+ special) [deluxe edition],0O9i6jhscByEJs1ipy5hu4,peace,25/11/2020,0:03:54,15,51,TRUE,spotify:track:0O9i6jhscByEJs1ipy5hu4
132,0PZ7lAru5FDFHuirTkWe9Z,folklore: the long pond studio sessions (from the Disney+ special) [deluxe edition],4XCYmu7QLySdIahgBALKJK,hoax,25/11/2020,0:03:40,16,50,FALSE,spotify:track:4XCYmu7QLySdIahgBALKJK
133,0PZ7lAru5FDFHuirTkWe9Z,folklore: the long pond studio sessions (from the Disney+ special) [deluxe edition],0zEprKYeuGOIZoHyu6O1E2,the lakes - bonus track,25/11/2020,0:03:31,17,52,FALSE,spotify:track:0zEprKYeuGOIZoHyu6O1E2
134,0PZ7lAru5FDFHuirTkWe9Z,folklore: the long pond studio sessions (from the Disney+ special) [deluxe edition],08J4bMHbILkwSIhbtrcvjN,the 1 - the long pond studio sessions,25/11/2020,0:03:39,1,61,TRUE,spotify:track:08J4bMHbILkwSIhbtrcvjN
135,0PZ7lAru5FDFHuirTkWe9Z,folklore: the long pond studio sessions (from the Disney+ special) [deluxe edition],3EPgWM1zfTSzEc0z4AwWTM,cardigan - the long pond studio sessions,25/11/2020,0:03:50,2,62,FALSE,spotify:track:3EPgWM1zfTSzEc0z4AwWTM
136,0PZ7lAru5FDFHuirTkWe9Z,folklore: the long pond studio sessions (from the Disney+ special) [deluxe edition],28tIMaewZuGR8urkvFhQyA,the last great american dynasty - the long pond studio sessions,25/11/2020,0:03:52,3,59,FALSE,spotify:track:28tIMaewZuGR8urkvFhQyA
137,1pzvBxYgT6OVwJLtHkrdQK,folklore (deluxe version),4pfrrhvplbJZAIsfosGWQP,the 1,18/8/2020,0:03:30,1,75,TRUE,spotify:track:4pfrrhvplbJZAIsfosGWQP
138,1pzvBxYgT6OVwJLtHkrdQK,folklore (deluxe version),0KRYCBwIpWYFNrXOmXbyUh,cardigan,18/8/2020,0:03:59,2,75,FALSE,spotify:track:0KRYCBwIpWYFNrXOmXbyUh
139,1pzvBxYgT6OVwJLtHkrdQK,folklore (deluxe version),2olxzvoFI9IpxqFeUv7WOX,the last great american dynasty,18/8/2020,0:03:51,3,73,TRUE,spotify:track:2olxzvoFI9IpxqFeUv7WOX
140,1pzvBxYgT6OVwJLtHkrdQK,folklore (deluxe version),5S4aYQAJOwJMAamANWlICO,exile (feat. Bon Iver),18/8/2020,0:04:45,4,74,FALSE,spotify:track:5S4aYQAJOwJMAamANWlICO
141,1pzvBxYgT6OVwJLtHkrdQK,folklore (deluxe version),5P2bHCDM2tsgIaYWsZMhu5,my tears ricochet,18/8/2020,0:04:15,5,75,FALSE,spotify:track:5P2bHCDM2tsgIaYWsZMhu5
142,1pzvBxYgT6OVwJLtHkrdQK,folklore (deluxe version),2I8YAEA1VmCuP1wkJHMpTw,mirrorball,18/8/2020,0:03:28,6,73,FALSE,spotify:track:2I8YAEA1VmCuP1wkJHMpTw
143,1pzvBxYgT6OVwJLtHkrdQK,folklore (deluxe version),76mOLcXOjOEhyY4mMF1l3r,seven,18/8/2020,0:03:28,7,72,FALSE,spotify:track:76mOLcXOjOEhyY4mMF1l3r
144,1pzvBxYgT6OVwJLtHkrdQK,folklore (deluxe version),6nK2pIKFcRc5frrZKHgsiT,august,18/8/2020,0:04:21,8,74,FALSE,spotify:track:6nK2pIKFcRc5frrZKHgsiT
145,1pzvBxYgT6OVwJLtHkrdQK,folklore (deluxe version),7cm50Lw03k6VvRauJtkyTj,this is me trying,18/8/2020,0:03:15,9,73,FALSE,spotify:track:7cm50Lw03k6VvRauJtkyTj
146,1pzvBxYgT6OVwJLtHkrdQK,folklore (deluxe version),6DrLROM5MG9bxWHeEG5elq,illicit affairs,18/8/2020,0:03:10,10,74,FALSE,spotify:track:6DrLROM5MG9bxWHeEG5elq
147,1pzvBxYgT6OVwJLtHkrdQK,folklore (deluxe version),2ehRU518I0hYqMGQnk4lDY,invisible string,18/8/2020,0:04:12,11,73,FALSE,spotify:track:2ehRU518I0hYqMGQnk4lDY
148,1pzvBxYgT6OVwJLtHkrdQK,folklore (deluxe version),0RP1kqoSPkVXsKiQNhMKzV,mad woman,18/8/2020,0:03:57,12,71,TRUE,spotify:track:0RP1kqoSPkVXsKiQNhMKzV
149,1pzvBxYgT6OVwJLtHkrdQK,folklore (deluxe version),1EXa37LpSvi3OQ9UYQ28rD,epiphany,18/8/2020,0:04:49,13,70,FALSE,spotify:track:1EXa37LpSvi3OQ9UYQ28rD
150,1pzvBxYgT6OVwJLtHkrdQK,folklore (deluxe version),3IhtE4fkytdrtEfV34UzkD,betty,18/8/2020,0:04:54,14,72,TRUE,spotify:track:3IhtE4fkytdrtEfV34UzkD
151,1pzvBxYgT6OVwJLtHkrdQK,folklore (deluxe version),6JlI8Ay77m4nJvZTHvfT1J,peace,18/8/2020,0:03:54,15,70,TRUE,spotify:track:6JlI8Ay77m4nJvZTHvfT1J
152,1pzvBxYgT6OVwJLtHkrdQK,folklore (deluxe version),0YeDG5HnKnG7jpArkzsSPa,hoax,18/8/2020,0:03:40,16,70,FALSE,spotify:track:0YeDG5HnKnG7jpArkzsSPa
153,1pzvBxYgT6OVwJLtHkrdQK,folklore (deluxe version),0eFQWVz0qIxDOvhLpZ40P7,the lakes - bonus track,18/8/2020,0:03:31,17,74,FALSE,spotify:track:0eFQWVz0qIxDOvhLpZ40P7
154,1NAmidJlEaVgA3MpcPFYGq,Lover,43rA71bccXFGD4C8GOpIlN,I Forgot That You Existed,23/8/2019,0:02:50,1,78,FALSE,spotify:track:43rA71bccXFGD4C8GOpIlN
155,1NAmidJlEaVgA3MpcPFYGq,Lover,1BxfuPKGuaTgP7aM0Bbdwr,Cruel Summer,23/8/2019,0:02:58,2,99,FALSE,spotify:track:1BxfuPKGuaTgP7aM0Bbdwr
156,1NAmidJlEaVgA3MpcPFYGq,Lover,1dGr1c8CrMLDpV6mPbImSI,Lover,23/8/2019,0:03:41,3,93,FALSE,spotify:track:1dGr1c8CrMLDpV6mPbImSI
157,1NAmidJlEaVgA3MpcPFYGq,Lover,3RauEVgRgj1IuWdJ9fDs70,The Man,23/8/2019,0:03:10,4,87,FALSE,spotify:track:3RauEVgRgj1IuWdJ9fDs70
158,1NAmidJlEaVgA3MpcPFYGq,Lover,3pHkh7d0lzM2AldUtz2x37,The Archer,23/8/2019,0:03:31,5,84,FALSE,spotify:track:3pHkh7d0lzM2AldUtz2x37
159,1NAmidJlEaVgA3MpcPFYGq,Lover,2YWtcWi3a83pdEg3Gif4Pd,I Think He Knows,23/8/2019,0:02:53,6,79,FALSE,spotify:track:2YWtcWi3a83pdEg3Gif4Pd
160,1NAmidJlEaVgA3MpcPFYGq,Lover,214nt20w5wOxJnY462klLw,Miss Americana & The Heartbreak Prince,23/8/2019,0:03:54,7,84,FALSE,spotify:track:214nt20w5wOxJnY462klLw
161,1NAmidJlEaVgA3MpcPFYGq,Lover,4y5bvROuBDPr5fuwXbIBZR,Paper Rings,23/8/2019,0:03:42,8,86,FALSE,spotify:track:4y5bvROuBDPr5fuwXbIBZR
162,1NAmidJlEaVgA3MpcPFYGq,Lover,12M5uqx0ZuwkpLp5rJim1a,Cornelia Street,23/8/2019,0:04:47,9,81,FALSE,spotify:track:12M5uqx0ZuwkpLp5rJim1a
163,1NAmidJlEaVgA3MpcPFYGq,Lover,2dgFqt3w9xIQRjhPtwNk3D,Death By A Thousand Cuts,23/8/2019,0:03:18,10,79,FALSE,spotify:track:2dgFqt3w9xIQRjhPtwNk3D
164,1NAmidJlEaVgA3MpcPFYGq,Lover,1LLXZFeAHK9R4xUramtUKw,London Boy,23/8/2019,0:03:10,11,80,FALSE,spotify:track:1LLXZFeAHK9R4xUramtUKw
165,1NAmidJlEaVgA3MpcPFYGq,Lover,4AYtqFyFbX0Xkc2wtcygTr,Soon You’ll Get Better (feat. The Chicks),23/8/2019,0:03:21,12,73,FALSE,spotify:track:4AYtqFyFbX0Xkc2wtcygTr
166,1NAmidJlEaVgA3MpcPFYGq,Lover,5hQSXkFgbxjZo9uCwd11so,False God,23/8/2019,0:03:20,13,79,FALSE,spotify:track:5hQSXkFgbxjZo9uCwd11so
167,1NAmidJlEaVgA3MpcPFYGq,Lover,6RRNNciQGZEXnqk8SQ9yv5,You Need To Calm Down,23/8/2019,0:02:51,14,85,FALSE,spotify:track:6RRNNciQGZEXnqk8SQ9yv5
168,1NAmidJlEaVgA3MpcPFYGq,Lover,1SymEzIT3H8UZfibCs3TYi,Afterglow,23/8/2019,0:03:43,15,82,FALSE,spotify:track:1SymEzIT3H8UZfibCs3TYi
169,1NAmidJlEaVgA3MpcPFYGq,Lover,2Rk4JlNc2TPmZe2af99d45,ME! (feat. Brendon Urie of Panic! At The Disco),23/8/2019,0:03:13,16,81,FALSE,spotify:track:2Rk4JlNc2TPmZe2af99d45
170,1NAmidJlEaVgA3MpcPFYGq,Lover,1SmiQ65iSAbPto6gPFlBYm,It’s Nice To Have A Friend,23/8/2019,0:02:30,17,73,FALSE,spotify:track:1SmiQ65iSAbPto6gPFlBYm
171,1NAmidJlEaVgA3MpcPFYGq,Lover,1fzAuUVbzlhZ1lJAx9PtY6,Daylight,23/8/2019,0:04:53,18,85,FALSE,spotify:track:1fzAuUVbzlhZ1lJAx9PtY6
172,6DEjYFkNZh67HP7R9PSZvv,reputation,2yLa0QULdQr0qAIvVwN6B5,...Ready For It?,10/11/2017,0:03:28,1,87,FALSE,spotify:track:2yLa0QULdQr0qAIvVwN6B5
173,6DEjYFkNZh67HP7R9PSZvv,reputation,2x0WlnmfG39ZuDmstl9xfX,End Game,10/11/2017,0:04:04,2,82,FALSE,spotify:track:2x0WlnmfG39ZuDmstl9xfX
174,6DEjYFkNZh67HP7R9PSZvv,reputation,4svZDCRz4cJoneBpjpx8DJ,I Did Something Bad,10/11/2017,0:03:58,3,83,FALSE,spotify:track:4svZDCRz4cJoneBpjpx8DJ
175,6DEjYFkNZh67HP7R9PSZvv,reputation,1R0a2iXumgCiFb7HEZ7gUE,Don’t Blame Me,10/11/2017,0:03:56,4,92,FALSE,spotify:track:1R0a2iXumgCiFb7HEZ7gUE
176,6DEjYFkNZh67HP7R9PSZvv,reputation,6NFyWDv5CjfwuzoCkw47Xf,Delicate,10/11/2017,0:03:52,5,88,FALSE,spotify:track:6NFyWDv5CjfwuzoCkw47Xf
177,6DEjYFkNZh67HP7R9PSZvv,reputation,1P17dC1amhFzptugyAO7Il,Look What You Made Me Do,10/11/2017,0:03:31,6,88,FALSE,spotify:track:1P17dC1amhFzptugyAO7Il
178,6DEjYFkNZh67HP7R9PSZvv,reputation,5PxFv9yJEg9dxvbZggykro,So It Goes...,10/11/2017,0:03:47,7,77,FALSE,spotify:track:5PxFv9yJEg9dxvbZggykro
179,6DEjYFkNZh67HP7R9PSZvv,reputation,1ZY1PqizIl78geGM4xWlEA,Gorgeous,10/11/2017,0:03:29,8,83,FALSE,spotify:track:1ZY1PqizIl78geGM4xWlEA
180,6DEjYFkNZh67HP7R9PSZvv,reputation,0VE4kBnHJUgtMf0dy6DRmW,Getaway Car,10/11/2017,0:03:53,9,87,FALSE,spotify:track:0VE4kBnHJUgtMf0dy6DRmW
181,6DEjYFkNZh67HP7R9PSZvv,reputation,7HuBDWi18s4aJM8UFnNheH,King Of My Heart,10/11/2017,0:03:34,10,80,FALSE,spotify:track:7HuBDWi18s4aJM8UFnNheH
182,6DEjYFkNZh67HP7R9PSZvv,reputation,7I7JbDv63ZJJsSi24DyJrz,Dancing With Our Hands Tied,10/11/2017,0:03:31,11,79,FALSE,spotify:track:7I7JbDv63ZJJsSi24DyJrz
183,6DEjYFkNZh67HP7R9PSZvv,reputation,6oVxXO5oQ4pTpO8RSnkzvv,Dress,10/11/2017,0:03:50,12,82,FALSE,spotify:track:6oVxXO5oQ4pTpO8RSnkzvv
184,6DEjYFkNZh67HP7R9PSZvv,reputation,07NxDD1iKCHbAldceD7QLP,This Is Why We Can't Have Nice Things,10/11/2017,0:03:27,13,78,FALSE,spotify:track:07NxDD1iKCHbAldceD7QLP
185,6DEjYFkNZh67HP7R9PSZvv,reputation,1GwMQaZz6Au3QLDbjbMdme,Call It What You Want,10/11/2017,0:03:23,14,82,FALSE,spotify:track:1GwMQaZz6Au3QLDbjbMdme
186,6DEjYFkNZh67HP7R9PSZvv,reputation,7F5oktn5YOsR9eR5YsFtqb,New Year’s Day,10/11/2017,0:03:55,15,78,FALSE,spotify:track:7F5oktn5YOsR9eR5YsFtqb
187,1MPAXuTVL2Ej5x0JHiSPq8,reputation Stadium Tour Surprise Song Playlist,00vJzaoxM3Eja1doBUhX0P,All Too Well,9/11/2017,0:05:29,1,42,FALSE,spotify:track:00vJzaoxM3Eja1doBUhX0P
188,1MPAXuTVL2Ej5x0JHiSPq8,reputation Stadium Tour Surprise Song Playlist,22C0JIVhFaczZ4t9heqREN,Wildest Dreams,9/11/2017,0:03:40,2,44,FALSE,spotify:track:22C0JIVhFaczZ4t9heqREN
189,1MPAXuTVL2Ej5x0JHiSPq8,reputation Stadium Tour Surprise Song Playlist,7APTsjmZbj7TFXQJAiRti4,The Best Day,9/11/2017,0:04:06,3,36,FALSE,spotify:track:7APTsjmZbj7TFXQJAiRti4
190,1MPAXuTVL2Ej5x0JHiSPq8,reputation Stadium Tour Surprise Song Playlist,4V9NuhKQcUFt4cgbynHV79,Red,9/11/2017,0:03:43,4,40,FALSE,spotify:track:4V9NuhKQcUFt4cgbynHV79
191,1MPAXuTVL2Ej5x0JHiSPq8,reputation Stadium Tour Surprise Song Playlist,4hCZk6WJBFQeG3P7WsyntI,Holy Ground,9/11/2017,0:03:22,5,36,FALSE,spotify:track:4hCZk6WJBFQeG3P7WsyntI
192,1MPAXuTVL2Ej5x0JHiSPq8,reputation Stadium Tour Surprise Song Playlist,7eGeUVeCEvEQrivmjl9Qn3,Teardrops On My Guitar - Radio Single Remix,9/11/2017,0:03:24,6,39,FALSE,spotify:track:7eGeUVeCEvEQrivmjl9Qn3
193,1MPAXuTVL2Ej5x0JHiSPq8,reputation Stadium Tour Surprise Song Playlist,7qGr3rjRhndRIpFUA5f2HJ,Our Song,9/11/2017,0:03:23,7,44,FALSE,spotify:track:7qGr3rjRhndRIpFUA5f2HJ
194,1MPAXuTVL2Ej5x0JHiSPq8,reputation Stadium Tour Surprise Song Playlist,2P5gfMtCcKP0CkmgqFMyPg,22,9/11/2017,0:03:52,8,41,FALSE,spotify:track:2P5gfMtCcKP0CkmgqFMyPg
195,1MPAXuTVL2Ej5x0JHiSPq8,reputation Stadium Tour Surprise Song Playlist,2o2IVjuqRkR9hJxtPjtAP0,I Knew You Were Trouble.,9/11/2017,0:03:39,9,42,FALSE,spotify:track:2o2IVjuqRkR9hJxtPjtAP0
196,1MPAXuTVL2Ej5x0JHiSPq8,reputation Stadium Tour Surprise Song Playlist,55n9yjI6qqXh5F2mYvUc2y,I Don’t Wanna Live Forever (Fifty Shades Darker),9/11/2017,0:04:07,10,86,FALSE,spotify:track:55n9yjI6qqXh5F2mYvUc2y
197,1MPAXuTVL2Ej5x0JHiSPq8,reputation Stadium Tour Surprise Song Playlist,5rcHBt2aNcGFWW0jaAUe1L,Mean,9/11/2017,0:03:58,11,39,FALSE,spotify:track:5rcHBt2aNcGFWW0jaAUe1L
198,1MPAXuTVL2Ej5x0JHiSPq8,reputation Stadium Tour Surprise Song Playlist,3aSYZ4upQ6OSNos26YeVWL,How You Get The Girl,9/11/2017,0:04:07,12,37,FALSE,spotify:track:3aSYZ4upQ6OSNos26YeVWL
199,1MPAXuTVL2Ej5x0JHiSPq8,reputation Stadium Tour Surprise Song Playlist,41T04yafZVrjNq2FqvLtId,So It Goes...,9/11/2017,0:03:47,13,59,FALSE,spotify:track:41T04yafZVrjNq2FqvLtId
200,1MPAXuTVL2Ej5x0JHiSPq8,reputation Stadium Tour Surprise Song Playlist,0H2UD0LfSCiRr59YMGlCuS,Fifteen,9/11/2017,0:04:55,14,36,FALSE,spotify:track:0H2UD0LfSCiRr59YMGlCuS
201,1MPAXuTVL2Ej5x0JHiSPq8,reputation Stadium Tour Surprise Song Playlist,6FmJKLpyCt42nP2IOVEVc2,Mine,9/11/2017,0:03:51,15,44,FALSE,spotify:track:6FmJKLpyCt42nP2IOVEVc2
202,1MPAXuTVL2Ej5x0JHiSPq8,reputation Stadium Tour Surprise Song Playlist,5h2sBwpUSAndjObfU3ti2r,Sparks Fly,9/11/2017,0:04:22,16,37,FALSE,spotify:track:5h2sBwpUSAndjObfU3ti2r
203,1MPAXuTVL2Ej5x0JHiSPq8,reputation Stadium Tour Surprise Song Playlist,0YRGTdfmJPALpglAaraYUr,State Of Grace,9/11/2017,0:04:55,17,34,FALSE,spotify:track:0YRGTdfmJPALpglAaraYUr
204,1MPAXuTVL2Ej5x0JHiSPq8,reputation Stadium Tour Surprise Song Playlist,6CB7DczrX9ZJB9Wkjegmaq,Haunted,9/11/2017,0:04:05,18,36,FALSE,spotify:track:6CB7DczrX9ZJB9Wkjegmaq
205,1MPAXuTVL2Ej5x0JHiSPq8,reputation Stadium Tour Surprise Song Playlist,1UPDfqsVIZLEiZeMuUsni2,Never Grow Up,9/11/2017,0:04:52,19,35,FALSE,spotify:track:1UPDfqsVIZLEiZeMuUsni2
206,1MPAXuTVL2Ej5x0JHiSPq8,reputation Stadium Tour Surprise Song Playlist,0r3U7SOcoj4DIEyN44Lt5z,Treacherous,9/11/2017,0:04:02,20,34,FALSE,spotify:track:0r3U7SOcoj4DIEyN44Lt5z
207,6fyR4wBPwLHKcRtxgd4sGh,Speak Now World Tour Live,1aBJNc2thaKyh5THWzIqHX,Sparks Fly - Live/2011,25/10/2010,0:05:36,1,49,FALSE,spotify:track:1aBJNc2thaKyh5THWzIqHX
208,6fyR4wBPwLHKcRtxgd4sGh,Speak Now World Tour Live,7yndkPYP6YQQLBpPsizDfh,Mine - Live/2011,25/10/2010,0:04:19,2,48,FALSE,spotify:track:7yndkPYP6YQQLBpPsizDfh
209,6fyR4wBPwLHKcRtxgd4sGh,Speak Now World Tour Live,72GIZuUXo14oyrS0si3Rgc,The Story Of Us - Live,25/10/2010,0:04:50,3,48,FALSE,spotify:track:72GIZuUXo14oyrS0si3Rgc
210,6fyR4wBPwLHKcRtxgd4sGh,Speak Now World Tour Live,7mFiEij8AXPUZB7aKLbUlQ,Mean - Live/2011,25/10/2010,0:04:06,4,48,FALSE,spotify:track:7mFiEij8AXPUZB7aKLbUlQ
211,6fyR4wBPwLHKcRtxgd4sGh,Speak Now World Tour Live,68QyrSzpnoU04AAhE5z8lj,Ours - Live/2011,25/10/2010,0:04:05,5,47,FALSE,spotify:track:68QyrSzpnoU04AAhE5z8lj
212,6fyR4wBPwLHKcRtxgd4sGh,Speak Now World Tour Live,1IsquhJFJ0qcFZI7FeAEuN,Back To December/Apologize/You're Not Sorry - Live/2011/Medley,25/10/2010,0:06:02,6,54,FALSE,spotify:track:1IsquhJFJ0qcFZI7FeAEuN
213,6fyR4wBPwLHKcRtxgd4sGh,Speak Now World Tour Live,6505MLhnqTDDg4tjoUz2Wp,Better Than Revenge - Live/2011,25/10/2010,0:05:44,7,49,FALSE,spotify:track:6505MLhnqTDDg4tjoUz2Wp
214,6fyR4wBPwLHKcRtxgd4sGh,Speak Now World Tour Live,3QFB14MOUf3imlyISNmrbT,Speak Now - Live/2011,25/10/2010,0:04:08,8,48,FALSE,spotify:track:3QFB14MOUf3imlyISNmrbT
215,6fyR4wBPwLHKcRtxgd4sGh,Speak Now World Tour Live,6hH37tyeRdyan1mAppmVor,Last Kiss - Live/2011,25/10/2010,0:06:09,9,48,FALSE,spotify:track:6hH37tyeRdyan1mAppmVor
216,6fyR4wBPwLHKcRtxgd4sGh,Speak Now World Tour Live,0BSmbCIY36iw04azzJ3S0S,Drops Of Jupiter - Live/2011,25/10/2010,0:05:15,10,53,FALSE,spotify:track:0BSmbCIY36iw04azzJ3S0S
217,6fyR4wBPwLHKcRtxgd4sGh,Speak Now World Tour Live,6KF9xd2hBLuexrmBX4vUWD,Bette Davis Eyes - Live/2011,25/10/2010,0:03:09,11,50,FALSE,spotify:track:6KF9xd2hBLuexrmBX4vUWD
218,6fyR4wBPwLHKcRtxgd4sGh,Speak Now World Tour Live,4KB3zBArZ1rHRExilzycaV,I Want You Back - Live/2011,25/10/2010,0:01:23,12,50,FALSE,spotify:track:4KB3zBArZ1rHRExilzycaV
219,6fyR4wBPwLHKcRtxgd4sGh,Speak Now World Tour Live,4DbI1rr4IQ2bc8nejy9ttd,Dear John - Live/2011,25/10/2010,0:06:44,13,48,FALSE,spotify:track:4DbI1rr4IQ2bc8nejy9ttd
220,6fyR4wBPwLHKcRtxgd4sGh,Speak Now World Tour Live,3lm4L3pPL32PFy74dR17OR,Enchanted - Live/2011,25/10/2010,0:06:29,14,49,FALSE,spotify:track:3lm4L3pPL32PFy74dR17OR
221,6fyR4wBPwLHKcRtxgd4sGh,Speak Now World Tour Live,6znB7YZhMJT2B83zfbiyLq,Haunted - Live/2011,25/10/2010,0:04:52,15,48,FALSE,spotify:track:6znB7YZhMJT2B83zfbiyLq
222,6fyR4wBPwLHKcRtxgd4sGh,Speak Now World Tour Live,5QkzyLUb4ggojNDp8G2OxX,Long Live - Live/2011,25/10/2010,0:06:16,16,49,FALSE,spotify:track:5QkzyLUb4ggojNDp8G2OxX
223,1ycoesYxIFymXWebfmz828,Live From Clear Channel Stripped 2008,4RBKAqJ3qyvvriDG0s9IJ3,Love Story - Live From Clear Channel Stripped 2008,28/6/2008,0:03:41,1,42,FALSE,spotify:track:4RBKAqJ3qyvvriDG0s9IJ3
224,1ycoesYxIFymXWebfmz828,Live From Clear Channel Stripped 2008,5g7RMU3cV7zXWH244BLe7G,Fearless - Live From Clear Channel Stripped 2008,28/6/2008,0:03:18,2,41,FALSE,spotify:track:5g7RMU3cV7zXWH244BLe7G
225,1ycoesYxIFymXWebfmz828,Live From Clear Channel Stripped 2008,4aBW31cmkA7BLColUsMEeZ,Beautiful Eyes - Live From Clear Channel Stripped 2008,28/6/2008,0:02:56,3,44,FALSE,spotify:track:4aBW31cmkA7BLColUsMEeZ
226,1ycoesYxIFymXWebfmz828,Live From Clear Channel Stripped 2008,4MbHDiHQjhmoVAV75G04Ql,Untouchable - Live From Clear Channel Stripped 2008,28/6/2008,0:03:42,4,38,FALSE,spotify:track:4MbHDiHQjhmoVAV75G04Ql
227,1ycoesYxIFymXWebfmz828,Live From Clear Channel Stripped 2008,4DjevQhsPWULcondN4mRh5,Teardrops On My Guitar - Live From Clear Channel Stripped 2008,28/6/2008,0:03:16,5,37,FALSE,spotify:track:4DjevQhsPWULcondN4mRh5
228,1ycoesYxIFymXWebfmz828,Live From Clear Channel Stripped 2008,7EvU9pRoJ9Xs7anx0P7tEc,Picture To Burn - Live From Clear Channel Stripped 2008,28/6/2008,0:02:53,6,37,FALSE,spotify:track:7EvU9pRoJ9Xs7anx0P7tEc
229,1ycoesYxIFymXWebfmz828,Live From Clear Channel Stripped 2008,5a9hUL6ZuiagZhazwrtwHF,Should've Said No - Live From Clear Channel Stripped 2008,28/6/2008,0:03:48,7,37,FALSE,spotify:track:5a9hUL6ZuiagZhazwrtwHF
230,1ycoesYxIFymXWebfmz828,Live From Clear Channel Stripped 2008,69o9kr9UexjzeZDE8yD8dQ,Change - Live From Clear Channel Stripped 2008,28/6/2008,0:04:18,8,34,FALSE,spotify:track:69o9kr9UexjzeZDE8yD8dQ
231,5eyZZoQEFQWRHkV2xgAeBw,Taylor Swift,2Fn01AIMyHbha2ceNQeOqw,Tim McGraw,24/10/2006,0:03:52,1,61,FALSE,spotify:track:2Fn01AIMyHbha2ceNQeOqw
232,5eyZZoQEFQWRHkV2xgAeBw,Taylor Swift,4BYejINgfZF0qKDMEH2cim,Picture To Burn,24/10/2006,0:02:53,2,67,FALSE,spotify:track:4BYejINgfZF0qKDMEH2cim
233,5eyZZoQEFQWRHkV2xgAeBw,Taylor Swift,2TF4UtYreqNbQ6Z9AccldU,Teardrops On My Guitar - Radio Single Remix,24/10/2006,0:03:23,3,69,FALSE,spotify:track:2TF4UtYreqNbQ6Z9AccldU
234,5eyZZoQEFQWRHkV2xgAeBw,Taylor Swift,1oR4MUBpyNrAViC8wPNpfm,A Place in this World,24/10/2006,0:03:19,4,61,FALSE,spotify:track:1oR4MUBpyNrAViC8wPNpfm
235,5eyZZoQEFQWRHkV2xgAeBw,Taylor Swift,569sXXQ7t0jSdqHooi2yqs,Cold As You,24/10/2006,0:03:59,5,61,FALSE,spotify:track:569sXXQ7t0jSdqHooi2yqs
236,5eyZZoQEFQWRHkV2xgAeBw,Taylor Swift,5Tj2MqcFMf60CaGsKbM1aq,The Outside,24/10/2006,0:03:27,6,60,FALSE,spotify:track:5Tj2MqcFMf60CaGsKbM1aq
237,5eyZZoQEFQWRHkV2xgAeBw,Taylor Swift,2zzxwmoOBnXDT0KnJsoIWk,Tied Together with a Smile,24/10/2006,0:04:08,7,59,FALSE,spotify:track:2zzxwmoOBnXDT0KnJsoIWk
238,5eyZZoQEFQWRHkV2xgAeBw,Taylor Swift,41sjzdjScVwnxnxADElts6,Stay Beautiful,24/10/2006,0:03:56,8,59,FALSE,spotify:track:41sjzdjScVwnxnxADElts6
239,5eyZZoQEFQWRHkV2xgAeBw,Taylor Swift,6CdaXOq1MWe2JHDalTG01d,Should've Said No,24/10/2006,0:04:02,9,66,FALSE,spotify:track:6CdaXOq1MWe2JHDalTG01d
240,5eyZZoQEFQWRHkV2xgAeBw,Taylor Swift,2O8sogKJCfVZ4rotBv1vVF,Mary's Song (Oh My My My),24/10/2006,0:03:33,10,61,FALSE,spotify:track:2O8sogKJCfVZ4rotBv1vVF
241,5eyZZoQEFQWRHkV2xgAeBw,Taylor Swift,1j6gmK6u4WNI33lMZ8dC1s,Our Song,24/10/2006,0:03:21,11,70,FALSE,spotify:track:1j6gmK6u4WNI33lMZ8dC1s
242,5eyZZoQEFQWRHkV2xgAeBw,Taylor Swift,7CzxXgQXurKZCyHz9ufbo1,I'm Only Me When I'm With You,24/10/2006,0:03:33,12,61,FALSE,spotify:track:7CzxXgQXurKZCyHz9ufbo1
243,5eyZZoQEFQWRHkV2xgAeBw,Taylor Swift,1k3PzDNjg38cWqOvL4M9vq,Invisible,24/10/2006,0:03:23,13,59,FALSE,spotify:track:1k3PzDNjg38cWqOvL4M9vq
244,5eyZZoQEFQWRHkV2xgAeBw,Taylor Swift,0YgHuReCSPwTXYny7isLja,A Perfectly Good Heart,24/10/2006,0:03:40,14,58,FALSE,spotify:track:0YgHuReCSPwTXYny7isLja
245,5eyZZoQEFQWRHkV2xgAeBw,Taylor Swift,1hxLyjC9D9Jpw6EAPKqWv4,Teardrops on My Guitar - Pop Version,24/10/2006,0:02:59,15,60,FALSE,spotify:track:1hxLyjC9D9Jpw6EAPKqWv4
